Account_ID,Balance
2.34568E+15,7054.43
3.45679E+15,4231.12
4.56789E+15,12345.45
